{"cameraMode":{"drawMode":0,"name":"Shaded","section":"Shading Mode"},"sceneLighting":true,"audioPlay":false,"sceneViewState":{"m_AlwaysRefresh":false,"showFog":true,"showSkybox":true,"showFlares":true,"showImageEffects":false,"showParticleSystems":true,"showVisualEffectGraphs":true,"m_FxEnabled":false},"in2DMode":false,"pivot":{"x":-3.990415334701538,"y":-3.3686137199401857,"z":144.24827575683595},"rotation":{"x":-0.016796857118606569,"y":0.006907093338668346,"z":-0.00011938756506424397,"w":-0.9998466968536377},"size":76.88200378417969,"orthographic":false}